"stime";"flgs";"proto";"saddr";"sport";"dir";"daddr";"dport";"pkts";"bytes";"state";"srcid";"ltime";"seq";"dur";"mean";"stddev";"smac";"dmac";"sum";"min";"max";"soui";"doui";"sco";"dco";"spkts";"dpkts";"sbytes";"dbytes";"rate";"srate";"drate";"record";"attack";"category";"subcategory"
1529283982.483604;"e";"udp";"192.168.100.6";"138";"->";"192.168.100.255";"138";4;986;"INT";"0.0.0.0";1529285062.862481;15;1080.378906;0.0;0.0;"";"";0.0;0.0;0.0;"";"";"";"";4;0;986;0;0.002777;0.002777;0.0;"";0;"Normal";"Normal"
1529283952.847683;"e";"tcp";"192.168.100.3";"60864";"<?>";"172.217.25.138";"443";12;1053;"FIN";"0.0.0.0";1529284064.89525;12;112.047569;0.024268;0.015937;"";"";0.072805;0.005787;0.044681;"";"";"";"";8;4;697;356;0.098173;0.062473;0.026774;"";0;"Normal";"Normal"
1529284103.643194;"e";"udp";"192.168.100.7";"138";"->";"192.168.100.255";"138";4;1086;"INT";"0.0.0.0";1529284834.91526;23;731.272095;0.000104;4e-06;"";"";0.000209;0.000101;0.000108;"";"";"";"";4;0;1086;0;0.004102;0.004102;0.0;"";0;"Normal";"Normal"
1529283912.925518;"e";"arp";"192.168.100.149";"";"who";"192.168.100.6";"";26;1560;"CON";"0.0.0.0";1529285075.905578;10;1162.980103;0.000121;2.7e-05;"";"";0.001569;8.2e-05;0.000164;"";"";"";"";13;13;780;780;0.021496;0.010318;0.010318;"";1;"Theft";"Data_Exfiltration"
1529284203.632861;"e";"tcp";"192.168.100.150";"36682";"->";"192.168.100.3";"22";28;5098;"FIN";"0.0.0.0";1529284204.122459;30;0.489598;0.489598;0.0;"";"";0.489598;0.489598;0.489598;"";"";"";"";13;15;1640;3458;55.147282;24.509903;28.594887;"";1;"Theft";"Data_Exfiltration"
1529284204.308714;"e";"tcp";"192.168.100.150";"36684";"->";"192.168.100.3";"22";31;5472;"FIN";"0.0.0.0";1529284207.515759;31;3.207045;3.207045;0.0;"";"";3.207045;3.207045;3.207045;"";"";"";"";14;17;1802;3670;9.354405;4.053576;4.989016;"";1;"Theft";"Data_Exfiltration"
1529284204.308719;"e";"tcp";"192.168.100.150";"36686";"->";"192.168.100.3";"22";32;5538;"FIN";"0.0.0.0";1529284207.047253;32;2.738534;2.738534;0.0;"";"";2.738534;2.738534;2.738534;"";"";"";"";15;17;1868;3670;11.319925;5.112224;5.842542;"";1;"Theft";"Data_Exfiltration"
1529284204.308822;"e";"tcp";"192.168.100.150";"36688";"->";"192.168.100.3";"22";31;5472;"FIN";"0.0.0.0";1529284207.047932;33;2.73911;2.73911;0.0;"";"";2.73911;2.73911;2.73911;"";"";"";"";14;17;1802;3670;10.952463;4.746067;5.841313;"";1;"Theft";"Data_Exfiltration"
1529284204.308888;"e";"tcp";"192.168.100.150";"36690";"->";"192.168.100.3";"22";32;5538;"FIN";"0.0.0.0";1529284207.04985;34;2.740962;2.740962;0.0;"";"";2.740962;2.740962;2.740962;"";"";"";"";15;17;1868;3670;11.309897;5.107696;5.837367;"";1;"Theft";"Data_Exfiltration"
1529284204.30894;"e";"tcp";"192.168.100.150";"36692";"->";"192.168.100.3";"22";31;5472;"FIN";"0.0.0.0";1529284207.051009;35;2.742069;2.742069;0.0;"";"";2.742069;2.742069;2.742069;"";"";"";"";14;17;1802;3670;10.940643;4.740946;5.83501;"";1;"Theft";"Data_Exfiltration"
1529284204.309066;"e";"tcp";"192.168.100.150";"36694";"->";"192.168.100.3";"22";32;5538;"FIN";"0.0.0.0";1529284207.051606;36;2.74254;2.74254;0.0;"";"";2.74254;2.74254;2.74254;"";"";"";"";15;17;1868;3670;11.303391;5.104757;5.834008;"";1;"Theft";"Data_Exfiltration"
1529284204.309144;"e";"tcp";"192.168.100.150";"36696";"->";"192.168.100.3";"22";31;5472;"FIN";"0.0.0.0";1529284207.046403;37;2.737259;2.737259;0.0;"";"";2.737259;2.737259;2.737259;"";"";"";"";14;17;1802;3670;10.959869;4.749277;5.845263;"";1;"Theft";"Data_Exfiltration"
1529284204.309336;"e";"tcp";"192.168.100.150";"36698";"->";"192.168.100.3";"22";33;5604;"FIN";"0.0.0.0";1529284207.049247;38;2.739911;2.739911;0.0;"";"";2.739911;2.739911;2.739911;"";"";"";"";15;18;1868;3736;11.679211;5.109655;6.204581;"";1;"Theft";"Data_Exfiltration"
1529284204.309429;"e";"tcp";"192.168.100.150";"36700";"->";"192.168.100.3";"22";32;5538;"FIN";"0.0.0.0";1529284207.048604;39;2.739175;2.739175;0.0;"";"";2.739175;2.739175;2.739175;"";"";"";"";15;17;1868;3670;11.317276;5.111028;5.841175;"";1;"Theft";"Data_Exfiltration"
1529284204.309509;"e";"tcp";"192.168.100.150";"36702";"->";"192.168.100.3";"22";32;5538;"FIN";"0.0.0.0";1529284207.050453;40;2.740944;2.740944;0.0;"";"";2.740944;2.740944;2.740944;"";"";"";"";15;17;1868;3670;11.309973;5.107729;5.837405;"";1;"Theft";"Data_Exfiltration"
1529284204.309692;"e";"tcp";"192.168.100.150";"36704";"->";"192.168.100.3";"22";32;5538;"FIN";"0.0.0.0";1529284207.514985;41;3.205293;3.205293;0.0;"";"";3.205293;3.205293;3.205293;"";"";"";"";15;17;1868;3670;9.671503;4.367775;4.991744;"";1;"Theft";"Data_Exfiltration"
1529284204.309727;"e";"tcp";"192.168.100.150";"36706";"->";"192.168.100.3";"22";6;434;"RST";"0.0.0.0";1529284204.375462;42;0.065735;0.065735;0.0;"";"";0.065735;0.065735;0.065735;"";"";"";"";3;3;228;206;76.062981;30.425194;30.425194;"";1;"Theft";"Data_Exfiltration"
1529284204.309808;"e";"tcp";"192.168.100.150";"36708";"->";"192.168.100.3";"22";32;5538;"FIN";"0.0.0.0";1529284207.513509;43;3.203701;3.203701;0.0;"";"";3.203701;3.203701;3.203701;"";"";"";"";14;18;1802;3736;9.676309;4.057807;5.306363;"";1;"Theft";"Data_Exfiltration"
1529284204.30993;"e";"tcp";"192.168.100.150";"36710";"->";"192.168.100.3";"22";6;434;"RST";"0.0.0.0";1529284204.37582;44;0.06589;0.06589;0.0;"";"";0.06589;0.06589;0.06589;"";"";"";"";3;3;228;206;75.884048;30.353621;30.353621;"";1;"Theft";"Data_Exfiltration"
1529284204.31009;"e";"tcp";"192.168.100.150";"36712";"->";"192.168.100.3";"22";33;5604;"FIN";"0.0.0.0";1529284207.517182;45;3.207092;3.207092;0.0;"";"";3.207092;3.207092;3.207092;"";"";"";"";15;18;1868;3736;9.977886;4.365325;5.300752;"";1;"Theft";"Data_Exfiltration"
1529284204.310241;"e";"tcp";"192.168.100.150";"36714";"->";"192.168.100.3";"22";6;434;"RST";"0.0.0.0";1529284204.376147;46;0.065906;0.065906;0.0;"";"";0.065906;0.065906;0.065906;"";"";"";"";3;3;228;206;75.865623;30.346249;30.346249;"";1;"Theft";"Data_Exfiltration"
1529284204.378741;"e";"tcp";"192.168.100.150";"36716";"->";"192.168.100.3";"22";32;5538;"FIN";"0.0.0.0";1529284207.514347;47;3.135606;3.135606;0.0;"";"";3.135606;3.135606;3.135606;"";"";"";"";14;18;1802;3736;9.886446;4.145929;5.421599;"";1;"Theft";"Data_Exfiltration"
1529284204.389998;"e s";"tcp";"192.168.100.150";"36718";"->";"192.168.100.3";"22";31;5472;"FIN";"0.0.0.0";1529284207.518279;48;3.128281;3.128281;0.0;"";"";3.128281;3.128281;3.128281;"";"";"";"";14;17;1802;3670;9.589931;4.155637;5.11463;"";1;"Theft";"Data_Exfiltration"
1529284204.390041;"e";"tcp";"192.168.100.150";"36720";"->";"192.168.100.3";"22";32;5538;"FIN";"0.0.0.0";1529284207.516444;49;3.126403;3.126403;0.0;"";"";3.126403;3.126403;3.126403;"";"";"";"";14;18;1802;3736;9.915548;4.158133;5.437559;"";1;"Theft";"Data_Exfiltration"
1529284206.781034;"e";"tcp";"192.168.100.150";"36722";"->";"192.168.100.3";"22";31;5472;"FIN";"0.0.0.0";1529284211.25891;50;4.477876;4.477876;0.0;"";"";4.477876;4.477876;4.477876;"";"";"";"";15;16;1868;3604;6.699605;3.126482;3.349802;"";1;"Theft";"Data_Exfiltration"
1529284206.791077;"e";"tcp";"192.168.100.150";"36726";"->";"192.168.100.3";"22";31;5472;"FIN";"0.0.0.0";1529284211.255673;51;4.464596;4.464596;0.0;"";"";4.464596;4.464596;4.464596;"";"";"";"";15;16;1868;3604;6.719533;3.135782;3.359767;"";1;"Theft";"Data_Exfiltration"
1529284206.791079;"e";"tcp";"192.168.100.150";"36724";"->";"192.168.100.3";"22";6;434;"RST";"0.0.0.0";1529284206.792428;52;0.001349;0.001349;0.0;"";"";0.001349;0.001349;0.001349;"";"";"";"";3;3;228;206;3706.449219;1482.579712;1482.579712;"";1;"Theft";"Data_Exfiltration"
1529284206.791188;"e";"tcp";"192.168.100.150";"36728";"->";"192.168.100.3";"22";31;5472;"FIN";"0.0.0.0";1529284211.238452;53;4.447264;4.447264;0.0;"";"";4.447264;4.447264;4.447264;"";"";"";"";15;16;1868;3604;6.74572;3.148003;3.37286;"";1;"Theft";"Data_Exfiltration"
1529284206.791548;"e";"tcp";"192.168.100.150";"36730";"->";"192.168.100.3";"22";31;5472;"FIN";"0.0.0.0";1529284211.257559;54;4.466011;4.466011;0.0;"";"";4.466011;4.466011;4.466011;"";"";"";"";15;16;1868;3604;6.717404;3.134789;3.358702;"";1;"Theft";"Data_Exfiltration"
1529284206.791729;"e";"tcp";"192.168.100.150";"36732";"->";"192.168.100.3";"22";31;5472;"FIN";"0.0.0.0";1529284211.260747;55;4.469018;4.469018;0.0;"";"";4.469018;4.469018;4.469018;"";"";"";"";15;16;1868;3604;6.712884;3.132679;3.356442;"";1;"Theft";"Data_Exfiltration"
1529284206.801288;"e";"tcp";"192.168.100.150";"36734";"->";"192.168.100.3";"22";31;5472;"FIN";"0.0.0.0";1529284211.25499;56;4.453702;4.453702;0.0;"";"";4.453702;4.453702;4.453702;"";"";"";"";15;16;1868;3604;6.73597;3.143452;3.367985;"";1;"Theft";"Data_Exfiltration"
1529284206.801416;"e";"tcp";"192.168.100.150";"36736";"->";"192.168.100.3";"22";6;434;"RST";"0.0.0.0";1529284206.803815;57;0.002399;0.002399;0.0;"";"";0.002399;0.002399;0.002399;"";"";"";"";3;3;228;206;2084.20166;833.680664;833.680664;"";1;"Theft";"Data_Exfiltration"
1529284206.806357;"e";"tcp";"192.168.100.150";"36738";"->";"192.168.100.3";"22";8;554;"RST";"0.0.0.0";1529284206.807647;58;0.00129;0.00129;0.0;"";"";0.00129;0.00129;0.00129;"";"";"";"";4;4;294;260;5426.356445;2325.581299;2325.581299;"";1;"Theft";"Data_Exfiltration"
1529284206.81678;"e";"tcp";"192.168.100.150";"36740";"->";"192.168.100.3";"22";8;554;"RST";"0.0.0.0";1529284206.816998;59;0.000218;0.000218;0.0;"";"";0.000218;0.000218;0.000218;"";"";"";"";4;4;294;260;32110.091797;13761.467773;13761.467773;"";1;"Theft";"Data_Exfiltration"
1529284206.829366;"e";"tcp";"192.168.100.150";"36742";"->";"192.168.100.3";"22";30;5422;"FIN";"0.0.0.0";1529284211.260122;60;4.430756;4.430756;0.0;"";"";4.430756;4.430756;4.430756;"";"";"";"";14;16;1818;3604;6.545158;2.934036;3.385427;"";1;"Theft";"Data_Exfiltration"
1529284206.839423;"e";"tcp";"192.168.100.150";"36744";"->";"192.168.100.3";"22";6;428;"RST";"0.0.0.0";1529284206.8396;61;0.000177;0.000177;0.0;"";"";0.000177;0.000177;0.000177;"";"";"";"";3;3;228;200;28248.587891;11299.435547;11299.435547;"";1;"Theft";"Data_Exfiltration"
1529284206.971516;"e";"tcp";"192.168.100.150";"36746";"->";"192.168.100.3";"22";30;5406;"FIN";"0.0.0.0";1529284211.253574;62;4.282058;4.282058;0.0;"";"";4.282058;4.282058;4.282058;"";"";"";"";14;16;1802;3604;6.772445;3.035923;3.502989;"";1;"Theft";"Data_Exfiltration"
1529284206.981662;"e";"tcp";"192.168.100.150";"36748";"->";"192.168.100.3";"22";6;434;"RST";"0.0.0.0";1529284206.982197;63;0.000535;0.000535;0.0;"";"";0.000535;0.000535;0.000535;"";"";"";"";3;3;228;206;9345.793945;3738.317871;3738.317871;"";1;"Theft";"Data_Exfiltration"
1529284206.981704;"e";"tcp";"192.168.100.150";"36750";"->";"192.168.100.3";"22";31;5488;"FIN";"0.0.0.0";1529284211.261787;64;4.280083;4.280083;0.0;"";"";4.280083;4.280083;4.280083;"";"";"";"";15;16;1884;3604;7.00921;3.270964;3.504605;"";1;"Theft";"Data_Exfiltration"
1529284206.981823;"e";"tcp";"192.168.100.150";"36752";"->";"192.168.100.3";"22";6;434;"RST";"0.0.0.0";1529284206.982445;65;0.000622;0.000622;0.0;"";"";0.000622;0.000622;0.000622;"";"";"";"";3;3;228;206;8038.584961;3215.434082;3215.434082;"";1;"Theft";"Data_Exfiltration"
1529284206.981889;"e";"tcp";"192.168.100.150";"36754";"->";"192.168.100.3";"22";30;5422;"FIN";"0.0.0.0";1529284211.25953;66;4.277641;4.277641;0.0;"";"";4.277641;4.277641;4.277641;"";"";"";"";14;16;1818;3604;6.779438;3.039058;3.506606;"";1;"Theft";"Data_Exfiltration"
1529284207.02121;"e";"tcp";"192.168.100.150";"36756";"->";"192.168.100.3";"22";8;554;"RST";"0.0.0.0";1529284207.023305;67;0.002095;0.002095;0.0;"";"";0.002095;0.002095;0.002095;"";"";"";"";4;4;294;260;3341.289062;1431.980957;1431.980957;"";1;"Theft";"Data_Exfiltration"
1529284207.033051;"e";"tcp";"192.168.100.150";"36758";"->";"192.168.100.3";"22";31;5488;"FIN";"0.0.0.0";1529284211.258261;68;4.22521;4.22521;0.0;"";"";4.22521;4.22521;4.22521;"";"";"";"";15;16;1884;3604;7.100238;3.313445;3.550119;"";1;"Theft";"Data_Exfiltration"
1529284207.033052;"e";"tcp";"192.168.100.150";"36760";"->";"192.168.100.3";"22";6;434;"RST";"0.0.0.0";1529284207.03391;69;0.000858;0.000858;0.0;"";"";0.000858;0.000858;0.000858;"";"";"";"";3;3;228;206;5827.505859;2331.002197;2331.002197;"";1;"Theft";"Data_Exfiltration"
1529284207.033345;"e";"tcp";"192.168.100.150";"36764";"->";"192.168.100.3";"22";31;5472;"FIN";"0.0.0.0";1529284211.256316;71;4.222971;4.222971;0.0;"";"";4.222971;4.222971;4.222971;"";"";"";"";15;16;1868;3604;7.104003;3.315202;3.552002;"";1;"Theft";"Data_Exfiltration"
1529284207.033566;"e";"tcp";"192.168.100.150";"36766";"->";"192.168.100.3";"22";31;5488;"FIN";"0.0.0.0";1529284211.256946;72;4.22338;4.22338;0.0;"";"";4.22338;4.22338;4.22338;"";"";"";"";15;16;1884;3604;7.103315;3.31488;3.551658;"";1;"Theft";"Data_Exfiltration"
1529284207.03508;"e";"tcp";"192.168.100.150";"36768";"->";"192.168.100.3";"22";6;434;"RST";"0.0.0.0";1529284207.035496;73;0.000416;0.000416;0.0;"";"";0.000416;0.000416;0.000416;"";"";"";"";3;3;228;206;12019.230469;4807.692383;4807.692383;"";1;"Theft";"Data_Exfiltration"
1529284207.046065;"e";"tcp";"192.168.100.150";"36770";"->";"192.168.100.3";"22";31;5472;"FIN";"0.0.0.0";1529284211.254343;74;4.208278;4.208278;0.0;"";"";4.208278;4.208278;4.208278;"";"";"";"";15;16;1868;3604;7.128806;3.326776;3.564403;"";1;"Theft";"Data_Exfiltration"
1529283934.808648;"e";"arp";"192.168.100.6";"";"who";"192.168.100.149";"";32;1920;"CON";"0.0.0.0";1529285075.81944;11;1141.010742;0.000167;0.000118;"";"";0.002678;7.6e-05;0.000568;"";"";"";"";16;16;960;960;0.027169;0.013146;0.013146;"";1;"Theft";"Data_Exfiltration"
1529284211.237202;"e";"tcp";"192.168.100.150";"36774";"->";"192.168.100.3";"22";8;554;"RST";"0.0.0.0";1529284211.238374;77;0.001172;0.001172;0.0;"";"";0.001172;0.001172;0.001172;"";"";"";"";4;4;294;260;5972.696289;2559.727051;2559.727051;"";1;"Theft";"Data_Exfiltration"
1529284211.2473;"e";"tcp";"192.168.100.150";"36776";"->";"192.168.100.3";"22";6;434;"RST";"0.0.0.0";1529284211.249473;78;0.002173;0.002173;0.0;"";"";0.002173;0.002173;0.002173;"";"";"";"";3;3;228;206;2300.966309;920.386536;920.386536;"";1;"Theft";"Data_Exfiltration"
1529284211.24733;"e";"tcp";"192.168.100.150";"36780";"->";"192.168.100.3";"22";31;5472;"FIN";"0.0.0.0";1529284213.665054;79;2.417724;2.417724;0.0;"";"";2.417724;2.417724;2.417724;"";"";"";"";15;16;1868;3604;12.408365;5.79057;6.204183;"";1;"Theft";"Data_Exfiltration"
1529284211.247335;"e";"tcp";"192.168.100.150";"36778";"->";"192.168.100.3";"22";31;5472;"FIN";"0.0.0.0";1529284213.666484;80;2.419149;2.419149;0.0;"";"";2.419149;2.419149;2.419149;"";"";"";"";15;16;1868;3604;12.401055;5.787159;6.200528;"";1;"Theft";"Data_Exfiltration"
1529284211.247401;"e";"tcp";"192.168.100.150";"36782";"->";"192.168.100.3";"22";31;5472;"FIN";"0.0.0.0";1529284213.667171;81;2.41977;2.41977;0.0;"";"";2.41977;2.41977;2.41977;"";"";"";"";15;16;1868;3604;12.397873;5.785674;6.198936;"";1;"Theft";"Data_Exfiltration"
1529284211.247492;"e";"tcp";"192.168.100.150";"36786";"->";"192.168.100.3";"22";30;5406;"FIN";"0.0.0.0";1529284213.646715;82;2.399223;2.399223;0.0;"";"";2.399223;2.399223;2.399223;"";"";"";"";14;16;1802;3604;12.087246;5.418421;6.252024;"";1;"Theft";"Data_Exfiltration"
1529284211.247495;"e";"tcp";"192.168.100.150";"36784";"->";"192.168.100.3";"22";31;5472;"FIN";"0.0.0.0";1529284213.66439;83;2.416895;2.416895;0.0;"";"";2.416895;2.416895;2.416895;"";"";"";"";15;16;1868;3604;12.412621;5.792556;6.20631;"";1;"Theft";"Data_Exfiltration"
1529284211.247519;"e";"tcp";"192.168.100.150";"36788";"->";"192.168.100.3";"22";6;434;"RST";"0.0.0.0";1529284211.250454;84;0.002935;0.002935;0.0;"";"";0.002935;0.002935;0.002935;"";"";"";"";3;3;228;206;1703.577515;681.43103;681.43103;"";1;"Theft";"Data_Exfiltration"
1529284211.247598;"e";"tcp";"192.168.100.150";"36790";"->";"192.168.100.3";"22";31;5488;"FIN";"0.0.0.0";1529284213.645314;85;2.397716;2.397716;0.0;"";"";2.397716;2.397716;2.397716;"";"";"";"";15;16;1884;3604;12.511907;5.83889;6.255953;"";1;"Theft";"Data_Exfiltration"
1529284211.247599;"e";"tcp";"192.168.100.150";"36792";"->";"192.168.100.3";"22";31;5472;"FIN";"0.0.0.0";1529284213.638;86;2.390401;2.390401;0.0;"";"";2.390401;2.390401;2.390401;"";"";"";"";15;16;1868;3604;12.550196;5.856758;6.275098;"";1;"Theft";"Data_Exfiltration"
1529284211.247656;"e";"tcp";"192.168.100.150";"36794";"->";"192.168.100.3";"22";33;5796;"FIN";"0.0.0.0";1529284215.363726;87;4.11607;4.11607;0.0;"";"";4.11607;4.11607;4.11607;"";"";"";"";15;18;1980;3816;7.774406;3.401303;4.130154;"";1;"Theft";"Data_Exfiltration"
1529284211.24773;"e";"tcp";"192.168.100.150";"36796";"->";"192.168.100.3";"22";31;5472;"FIN";"0.0.0.0";1529284213.637216;88;2.389486;2.389486;0.0;"";"";2.389486;2.389486;2.389486;"";"";"";"";15;16;1868;3604;12.555001;5.859001;6.277501;"";1;"Theft";"Data_Exfiltration"
1529284211.24781;"e";"tcp";"192.168.100.150";"36798";"->";"192.168.100.3";"22";31;5472;"FIN";"0.0.0.0";1529284213.646134;89;2.398324;2.398324;0.0;"";"";2.398324;2.398324;2.398324;"";"";"";"";15;16;1868;3604;12.508736;5.83741;6.254368;"";1;"Theft";"Data_Exfiltration"
1529284211.247902;"e";"tcp";"192.168.100.150";"36800";"->";"192.168.100.3";"22";31;5472;"FIN";"0.0.0.0";1529284213.647374;90;2.399472;2.399472;0.0;"";"";2.399472;2.399472;2.399472;"";"";"";"";15;16;1868;3604;12.50275;5.834617;6.251375;"";1;"Theft";"Data_Exfiltration"
1529284211.261155;"e";"tcp";"192.168.100.150";"36802";"->";"192.168.100.3";"22";31;5472;"FIN";"0.0.0.0";1529284213.653237;91;2.392082;2.392082;0.0;"";"";2.392082;2.392082;2.392082;"";"";"";"";15;16;1868;3604;12.541376;5.852642;6.270688;"";1;"Theft";"Data_Exfiltration"
1529284211.262297;"e";"tcp";"192.168.100.150";"36804";"->";"192.168.100.3";"22";6;434;"RST";"0.0.0.0";1529284211.268066;92;0.005769;0.005769;0.0;"";"";0.005769;0.005769;0.005769;"";"";"";"";3;3;228;206;866.701355;346.680542;346.680542;"";1;"Theft";"Data_Exfiltration"
1529284211.272403;"e";"tcp";"192.168.100.150";"36806";"->";"192.168.100.3";"22";6;434;"RST";"0.0.0.0";1529284211.276616;93;0.004213;0.004213;0.0;"";"";0.004213;0.004213;0.004213;"";"";"";"";3;3;228;206;1186.802734;474.721069;474.721069;"";1;"Theft";"Data_Exfiltration"
1529284211.277826;"e";"tcp";"192.168.100.150";"36808";"->";"192.168.100.3";"22";31;5488;"FIN";"0.0.0.0";1529284213.667895;94;2.390069;2.390069;0.0;"";"";2.390069;2.390069;2.390069;"";"";"";"";15;16;1884;3604;12.551939;5.857572;6.27597;"";1;"Theft";"Data_Exfiltration"
1529284211.288063;"e";"tcp";"192.168.100.150";"36810";"->";"192.168.100.3";"22";31;5488;"FIN";"0.0.0.0";1529284213.665732;95;2.377669;2.377669;0.0;"";"";2.377669;2.377669;2.377669;"";"";"";"";15;16;1884;3604;12.617399;5.88812;6.3087;"";1;"Theft";"Data_Exfiltration"
1529284212.236307;"e";"tcp";"192.168.100.149";"40279";"->";"192.168.100.6";"135";10;808;"FIN";"0.0.0.0";1529284212.237262;97;0.000955;0.000955;0.0;"";"";0.000955;0.000955;0.000955;"";"";"";"";6;4;476;332;9424.083984;5235.602051;3141.361328;"";1;"Theft";"Data_Exfiltration"
1529284207.257507;"e";"tcp";"192.168.100.150";"36772";"->";"192.168.100.3";"22";34;5846;"FIN";"0.0.0.0";1529284213.385463;75;6.127956;1.997054;1.992679;"";"";3.994108;0.004375;3.989733;"";"";"";"";16;18;2030;3816;5.385156;2.447798;2.774171;"";1;"Theft";"Data_Exfiltration"
1529284213.381186;"e";"tcp";"192.168.100.150";"36812";"->";"192.168.100.3";"22";30;5422;"FIN";"0.0.0.0";1529284215.241214;98;1.860028;1.860028;0.0;"";"";1.860028;1.860028;1.860028;"";"";"";"";14;16;1818;3604;15.591163;6.989142;8.064395;"";1;"Theft";"Data_Exfiltration"
1529284207.03325;"e d";"tcp";"192.168.100.150";"36762";"->";"192.168.100.3";"22";34;5846;"FIN";"0.0.0.0";1529284213.392271;70;6.359021;2.107729;2.106623;"";"";4.215458;0.001106;4.214352;"";"";"";"";16;18;2030;3816;5.189478;2.358854;2.673368;"";1;"Theft";"Data_Exfiltration"
1529284213.391624;"e";"tcp";"192.168.100.150";"36814";"->";"192.168.100.3";"22";30;5422;"FIN";"0.0.0.0";1529284215.248345;99;1.856721;1.856721;0.0;"";"";1.856721;1.856721;1.856721;"";"";"";"";14;16;1818;3604;15.618932;7.00159;8.078758;"";1;"Theft";"Data_Exfiltration"
1529284213.631257;"e";"tcp";"192.168.100.150";"36816";"->";"192.168.100.3";"22";30;5422;"FIN";"0.0.0.0";1529284215.568957;100;1.9377;1.9377;0.0;"";"";1.9377;1.9377;1.9377;"";"";"";"";14;16;1818;3604;14.966197;6.708985;7.741136;"";1;"Theft";"Data_Exfiltration"
1529284213.631351;"e";"tcp";"192.168.100.150";"36818";"->";"192.168.100.3";"22";6;434;"RST";"0.0.0.0";1529284213.632453;101;0.001102;0.001102;0.0;"";"";0.001102;0.001102;0.001102;"";"";"";"";3;3;228;206;4537.205078;1814.881958;1814.881958;"";1;"Theft";"Data_Exfiltration"
1529284213.641345;"e";"tcp";"192.168.100.150";"36820";"->";"192.168.100.3";"22";31;5472;"FIN";"0.0.0.0";1529284215.620214;102;1.978869;1.978869;0.0;"";"";1.978869;1.978869;1.978869;"";"";"";"";15;16;1868;3604;15.160175;7.074749;7.580088;"";1;"Theft";"Data_Exfiltration"
1529284213.641375;"e";"tcp";"192.168.100.150";"36822";"->";"192.168.100.3";"22";31;5472;"FIN";"0.0.0.0";1529284215.621162;103;1.979787;1.979787;0.0;"";"";1.979787;1.979787;1.979787;"";"";"";"";15;16;1868;3604;15.153146;7.071468;7.576573;"";1;"Theft";"Data_Exfiltration"
1529284213.641476;"e";"tcp";"192.168.100.150";"36824";"->";"192.168.100.3";"22";31;5472;"FIN";"0.0.0.0";1529284215.604612;104;1.963136;1.963136;0.0;"";"";1.963136;1.963136;1.963136;"";"";"";"";15;16;1868;3604;15.281672;7.131447;7.640836;"";1;"Theft";"Data_Exfiltration"
1529284213.641702;"e";"tcp";"192.168.100.150";"36826";"->";"192.168.100.3";"22";31;5472;"FIN";"0.0.0.0";1529284215.625015;105;1.983313;1.983313;0.0;"";"";1.983313;1.983313;1.983313;"";"";"";"";15;16;1868;3604;15.126205;7.058896;7.563103;"";1;"Theft";"Data_Exfiltration"
1529284213.652187;"e";"tcp";"192.168.100.150";"36828";"->";"192.168.100.3";"22";6;434;"RST";"0.0.0.0";1529284213.653896;106;0.001709;0.001709;0.0;"";"";0.001709;0.001709;0.001709;"";"";"";"";3;3;228;206;2925.6875;1170.275024;1170.275024;"";1;"Theft";"Data_Exfiltration"
1529284213.662376;"e";"tcp";"192.168.100.150";"36830";"->";"192.168.100.3";"22";31;5472;"FIN";"0.0.0.0";1529284215.62417;107;1.961794;1.961794;0.0;"";"";1.961794;1.961794;1.961794;"";"";"";"";15;16;1868;3604;15.292126;7.136325;7.646063;"";1;"Theft";"Data_Exfiltration"
1529284213.662412;"e";"tcp";"192.168.100.150";"36832";"->";"192.168.100.3";"22";31;5488;"FIN";"0.0.0.0";1529284215.622016;108;1.959604;1.959604;0.0;"";"";1.959604;1.959604;1.959604;"";"";"";"";15;16;1884;3604;15.309216;7.1443;7.654608;"";1;"Theft";"Data_Exfiltration"
1529284213.662454;"e";"tcp";"192.168.100.150";"36834";"->";"192.168.100.3";"22";31;5472;"FIN";"0.0.0.0";1529284215.618756;109;1.956302;1.956302;0.0;"";"";1.956302;1.956302;1.956302;"";"";"";"";15;16;1868;3604;15.335055;7.156359;7.667528;"";1;"Theft";"Data_Exfiltration"
1529284213.662498;"e";"tcp";"192.168.100.150";"36836";"->";"192.168.100.3";"22";31;5472;"FIN";"0.0.0.0";1529284215.622698;110;1.9602;1.9602;0.0;"";"";1.9602;1.9602;1.9602;"";"";"";"";15;16;1868;3604;15.304561;7.142128;7.65228;"";1;"Theft";"Data_Exfiltration"
1529284213.66258;"e";"tcp";"192.168.100.150";"36838";"->";"192.168.100.3";"22";30;5406;"FIN";"0.0.0.0";1529284215.623466;111;1.960886;1.960886;0.0;"";"";1.960886;1.960886;1.960886;"";"";"";"";14;16;1802;3604;14.789233;6.629656;7.649603;"";1;"Theft";"Data_Exfiltration"
1529284213.662621;"e";"tcp";"192.168.100.150";"36840";"->";"192.168.100.3";"22";31;5472;"FIN";"0.0.0.0";1529284215.617889;112;1.955268;1.955268;0.0;"";"";1.955268;1.955268;1.955268;"";"";"";"";15;16;1868;3604;15.343165;7.160144;7.671583;"";1;"Theft";"Data_Exfiltration"
1529284213.662836;"e";"tcp";"192.168.100.150";"36842";"->";"192.168.100.3";"22";30;5406;"FIN";"0.0.0.0";1529284215.619466;113;1.95663;1.95663;0.0;"";"";1.95663;1.95663;1.95663;"";"";"";"";14;16;1802;3604;14.821403;6.644077;7.666243;"";1;"Theft";"Data_Exfiltration"
1529284213.846303;"e";"udp";"fe80::c0c0:aa20:45b9:bdd9";"5353";"->";"ff02::fb";"5353";1;180;"INT";"0.0.0.0";1529284213.846303;114;0.0;0.0;0.0;"";"";0.0;0.0;0.0;"";"";"";"";1;0;180;0;0.0;0.0;0.0;"";0;"Normal";"Normal"
1529284213.84644;"e";"udp";"192.168.100.4";"5353";"->";"224.0.0.251";"5353";1;160;"INT";"0.0.0.0";1529284213.84644;115;0.0;0.0;0.0;"";"";0.0;0.0;0.0;"";"";"";"";1;0;160;0;0.0;0.0;0.0;"";0;"Normal";"Normal"
1529284213.874409;"e";"tcp";"192.168.100.150";"36844";"->";"192.168.100.3";"22";30;5406;"FIN";"0.0.0.0";1529284215.721861;116;1.847452;1.847452;0.0;"";"";1.847452;1.847452;1.847452;"";"";"";"";14;16;1802;3604;15.697295;7.036718;8.11929;"";1;"Theft";"Data_Exfiltration"
1529284215.23708;"e";"tcp";"192.168.100.150";"36846";"->";"192.168.100.3";"22";28;5204;"RST";"0.0.0.0";1529284217.704969;117;2.467889;2.467889;0.0;"";"";2.467889;2.467889;2.467889;"";"";"";"";13;15;1666;3538;10.940524;4.862455;5.672864;"";1;"Theft";"Data_Exfiltration"
1529284215.247525;"e";"tcp";"192.168.100.150";"36848";"->";"192.168.100.3";"22";29;5270;"RST";"0.0.0.0";1529284217.705203;118;2.457678;2.457678;0.0;"";"";2.457678;2.457678;2.457678;"";"";"";"";14;15;1732;3538;11.392867;5.289546;5.696434;"";1;"Theft";"Data_Exfiltration"
1529284215.362515;"e";"tcp";"192.168.100.150";"36850";"->";"192.168.100.3";"22";8;554;"RST";"0.0.0.0";1529284215.363673;119;0.001158;0.001158;0.0;"";"";0.001158;0.001158;0.001158;"";"";"";"";4;4;294;260;6044.905273;2590.673584;2590.673584;"";1;"Theft";"Data_Exfiltration"
1529284215.567768;"e";"tcp";"192.168.100.150";"36852";"->";"192.168.100.3";"22";6;434;"RST";"0.0.0.0";1529284215.5681;120;0.000332;0.000332;0.0;"";"";0.000332;0.000332;0.000332;"";"";"";"";3;3;228;206;15060.241211;6024.09668;6024.09668;"";1;"Theft";"Data_Exfiltration"
1529284215.577865;"e";"tcp";"192.168.100.150";"36854";"->";"192.168.100.3";"22";28;5204;"RST";"0.0.0.0";1529284218.100951;121;2.523086;2.523086;0.0;"";"";2.523086;2.523086;2.523086;"";"";"";"";13;15;1666;3538;10.70118;4.75608;5.54876;"";1;"Theft";"Data_Exfiltration"
1529284215.602361;"e";"tcp";"192.168.100.150";"36856";"->";"192.168.100.3";"22";6;434;"RST";"0.0.0.0";1529284215.603619;122;0.001258;0.001258;0.0;"";"";0.001258;0.001258;0.001258;"";"";"";"";3;3;228;206;3974.562744;1589.825073;1589.825073;"";1;"Theft";"Data_Exfiltration"
1529284215.612458;"e";"tcp";"192.168.100.150";"36860";"->";"192.168.100.3";"22";6;434;"RST";"0.0.0.0";1529284215.614568;123;0.00211;0.00211;0.0;"";"";0.00211;0.00211;0.00211;"";"";"";"";3;3;228;206;2369.668213;947.86731;947.86731;"";1;"Theft";"Data_Exfiltration"
1529284215.612462;"e";"tcp";"192.168.100.150";"36858";"->";"192.168.100.3";"22";28;5204;"RST";"0.0.0.0";1529284218.224929;124;2.612467;2.612467;0.0;"";"";2.612467;2.612467;2.612467;"";"";"";"";14;14;1732;3472;10.335058;4.97614;4.97614;"";1;"Theft";"Data_Exfiltration"
1529284215.612566;"e";"tcp";"192.168.100.150";"36864";"->";"192.168.100.3";"22";28;5204;"RST";"0.0.0.0";1529284218.216397;125;2.603831;2.603831;0.0;"";"";2.603831;2.603831;2.603831;"";"";"";"";13;15;1666;3538;10.369336;4.608594;5.376693;"";1;"Theft";"Data_Exfiltration"
1529284215.612568;"e";"tcp";"192.168.100.150";"36862";"->";"192.168.100.3";"22";29;5270;"RST";"0.0.0.0";1529284218.223861;126;2.611293;2.611293;0.0;"";"";2.611293;2.611293;2.611293;"";"";"";"";14;15;1732;3538;10.722657;4.978376;5.361329;"";1;"Theft";"Data_Exfiltration"
1529284215.612597;"e";"tcp";"192.168.100.150";"36866";"->";"192.168.100.3";"22";29;5244;"FIN";"0.0.0.0";1529284218.392072;127;2.779475;2.779475;0.0;"";"";2.779475;2.779475;2.779475;"";"";"";"";14;15;1738;3506;10.073845;4.677142;5.036922;"";1;"Theft";"Data_Exfiltration"
1529284215.612636;"e";"tcp";"192.168.100.150";"36868";"->";"192.168.100.3";"22";6;434;"RST";"0.0.0.0";1529284215.615208;128;0.002572;0.002572;0.0;"";"";0.002572;0.002572;0.002572;"";"";"";"";3;3;228;206;1944.012451;777.60498;777.60498;"";1;"Theft";"Data_Exfiltration"
1529284215.612716;"e";"tcp";"192.168.100.150";"36870";"->";"192.168.100.3";"22";6;434;"RST";"0.0.0.0";1529284215.615228;129;0.002512;0.002512;0.0;"";"";0.002512;0.002512;0.002512;"";"";"";"";3;3;228;206;1990.445801;796.178345;796.178345;"";1;"Theft";"Data_Exfiltration"
1529284215.612717;"e";"tcp";"192.168.100.150";"36872";"->";"192.168.100.3";"22";29;5270;"RST";"0.0.0.0";1529284218.213264;130;2.600547;2.600547;0.0;"";"";2.600547;2.600547;2.600547;"";"";"";"";14;15;1732;3538;10.766965;4.998948;5.383482;"";1;"Theft";"Data_Exfiltration"
1529284215.612788;"e";"tcp";"192.168.100.150";"36874";"->";"192.168.100.3";"22";30;5336;"RST";"0.0.0.0";1529284218.234965;131;2.622177;2.622177;0.0;"";"";2.622177;2.622177;2.622177;"";"";"";"";14;16;1732;3604;11.059513;4.957713;5.720438;"";1;"Theft";"Data_Exfiltration"
1529284215.612916;"e";"tcp";"192.168.100.150";"36876";"->";"192.168.100.3";"22";29;5270;"RST";"0.0.0.0";1529284218.234053;132;2.621137;2.621137;0.0;"";"";2.621137;2.621137;2.621137;"";"";"";"";14;15;1732;3538;10.682387;4.95968;5.341194;"";1;"Theft";"Data_Exfiltration"
1529284215.613066;"e";"tcp";"192.168.100.150";"36878";"->";"192.168.100.3";"22";30;5336;"RST";"0.0.0.0";1529284218.234547;133;2.621481;2.621481;0.0;"";"";2.621481;2.621481;2.621481;"";"";"";"";14;16;1732;3604;11.062449;4.959029;5.721957;"";1;"Theft";"Data_Exfiltration"
1529284215.628248;"e";"tcp";"192.168.100.150";"36880";"->";"192.168.100.3";"22";6;434;"RST";"0.0.0.0";1529284215.632748;134;0.0045;0.0045;0.0;"";"";0.0045;0.0045;0.0045;"";"";"";"";3;3;228;206;1111.111206;444.444458;444.444458;"";1;"Theft";"Data_Exfiltration"
1529284215.62828;"e";"tcp";"192.168.100.150";"36882";"->";"192.168.100.3";"22";27;5138;"RST";"0.0.0.0";1529284218.237224;135;2.608944;2.608944;0.0;"";"";2.608944;2.608944;2.608944;"";"";"";"";13;14;1666;3472;9.965718;4.599562;4.982859;"";1;"Theft";"Data_Exfiltration"
1529284215.638987;"e";"tcp";"192.168.100.150";"36884";"->";"192.168.100.3";"22";6;434;"RST";"0.0.0.0";1529284215.644662;136;0.005675;0.005675;0.0;"";"";0.005675;0.005675;0.005675;"";"";"";"";3;3;228;206;881.057251;352.422913;352.422913;"";1;"Theft";"Data_Exfiltration"
1529284215.639134;"e";"tcp";"192.168.100.150";"36886";"->";"192.168.100.3";"22";6;434;"RST";"0.0.0.0";1529284215.647446;137;0.008312;0.008312;0.0;"";"";0.008312;0.008312;0.008312;"";"";"";"";3;3;228;206;601.539917;240.615982;240.615982;"";1;"Theft";"Data_Exfiltration"
1529284215.657017;"e";"tcp";"192.168.100.150";"36888";"->";"192.168.100.3";"22";27;5138;"RST";"0.0.0.0";1529284218.236846;138;2.579829;2.579829;0.0;"";"";2.579829;2.579829;2.579829;"";"";"";"";13;14;1666;3472;10.078187;4.651471;5.039093;"";1;"Theft";"Data_Exfiltration"
1529284215.657651;"e";"tcp";"192.168.100.150";"36890";"->";"192.168.100.3";"22";27;5138;"RST";"0.0.0.0";1529284218.232867;139;2.575216;2.575216;0.0;"";"";2.575216;2.575216;2.575216;"";"";"";"";13;14;1666;3472;10.09624;4.659803;5.04812;"";1;"Theft";"Data_Exfiltration"
1529284215.668241;"e";"tcp";"192.168.100.150";"36892";"->";"192.168.100.3";"22";28;5204;"RST";"0.0.0.0";1529284218.237566;140;2.569325;2.569325;0.0;"";"";2.569325;2.569325;2.569325;"";"";"";"";14;14;1732;3472;10.508596;5.059695;5.059695;"";1;"Theft";"Data_Exfiltration"
1529284215.720973;"e";"tcp";"192.168.100.150";"36894";"->";"192.168.100.3";"22";27;5138;"RST";"0.0.0.0";1529284218.237945;141;2.516972;2.516972;0.0;"";"";2.516972;2.516972;2.516972;"";"";"";"";13;14;1666;3472;10.329872;4.767633;5.164936;"";1;"Theft";"Data_Exfiltration"
1529284212.215529;"e";"tcp";"192.168.100.149";"33495";"->";"192.168.100.6";"445";39;66553;"RST";"0.0.0.0";1529284222.287927;96;10.072398;0.03156;0.03111;"";"";0.063119;0.000449;0.06267;"";"";"";"";17;22;64771;1782;3.772686;1.5885;2.084906;"";1;"Theft";"Data_Exfiltration"
1529284228.03846;"e";"tcp";"192.168.100.150";"46307";"->";"192.168.100.3";"22";68;11618;"CON";"0.0.0.0";1529284256.480264;142;28.441805;1.475531;0.837133;"";"";4.426592;0.736925;2.646104;"";"";"";"";32;36;5302;6316;2.355687;1.089945;1.230583;"";1;"Theft";"Data_Exfiltration"
1529284253.970118;"e s";"tcp";"192.168.100.3";"50032";"->";"192.168.100.150";"4433";102000;416783392;"CON";"0.0.0.0";1529284808.048686;143;554.078552;4.61626;0.856792;"";"";198.499176;0.509618;4.999951;"";"";"";"";82836;19164;414580857;2202535;184.087616;149.500458;34.58535;"";1;"Theft";"Data_Exfiltration"
1529283903.053282;"e *";"tcp";"192.168.100.3";"80";"<?>";"192.168.100.55";"8080";154524;150586104;"CON";"0.0.0.0";1529285155.236581;1;1252.18335;4.912128;0.495819;"";"";982.425598;0.11183;4.999955;"";"";"";"";77262;77262;72871372;77714732;123.402855;61.701027;61.701027;"";0;"Normal";"Normal"
1529283903.053527;"e";"udp";"192.168.100.46";"3456";"<->";"192.168.100.5";"80";211723;205967491;"CON";"0.0.0.0";1529285354.98494;2;1451.931396;4.887452;0.557124;"";"";1348.936646;0.124282;4.999977;"";"";"";"";105862;105861;100585068;105382423;145.820938;72.910469;72.909782;"";0;"Normal";"Normal"
1529283903.053533;"e";"udp";"192.168.100.46";"80";"->";"192.168.100.5";"80";109100;104676970;"INT";"0.0.0.0";1529285354.98493;3;1451.931396;4.885636;0.55851;"";"";1387.52063;0.111865;4.99999;"";"";"";"";109100;0;104676970;0;75.140602;75.140602;0.0;"";0;"Normal";"Normal"
1529283903.05354;"e";"tcp";"192.168.100.46";"80";"?>";"192.168.100.5";"80";113651;106386339;"CON";"0.0.0.0";1529285354.984943;4;1451.931396;4.888326;0.547914;"";"";1446.944458;0.111861;4.999993;"";"";"";"";113651;0;106386339;0;78.275047;78.275047;0.0;"";0;"Normal";"Normal"
1529283907.8517;"e s";"tcp";"192.168.100.6";"49160";"->";"192.168.100.149";"4444";18748;475554313;"RST";"0.0.0.0";1529284704.407075;9;796.555359;2.494226;2.068144;"";"";271.870667;0.498979;4.998679;"";"";"";"";10036;8712;474734399;819914;23.535088;12.597995;10.935838;"";1;"Theft";"Data_Exfiltration"
1529283903.069657;"e";"tcp";"192.168.100.5";"0";"?>";"192.168.100.3";"0";68190;48468828;"CON";"0.0.0.0";1529285354.972565;7;1451.902954;4.878074;0.566837;"";"";1443.909912;0.0585;4.999984;"";"";"";"";68190;0;48468828;0;46.96526;46.96526;0.0;"";0;"Normal";"Normal"
1529283903.053542;"e";"udp";"192.168.100.7";"365";"->";"192.168.100.3";"565";61091;3665460;"INT";"0.0.0.0";1529285354.985064;5;1451.931519;4.876519;0.570058;"";"";1443.449707;0.049774;4.99997;"";"";"";"";61091;0;3665460;0;42.074986;42.074986;0.0;"";0;"Normal";"Normal"
1529283903.069635;"e";"tcp";"192.168.100.6";"80";"?>";"192.168.100.3";"80";38359;11354264;"CON";"0.0.0.0";1529285354.985057;6;1451.915405;4.878789;0.53337;"";"";1439.242798;0.603979;4.999936;"";"";"";"";38359;0;11354264;0;26.418894;26.418894;0.0;"";0;"Normal";"Normal"
1529283904.4401;"e g";"tcp";"192.168.100.3";"50850";"<?>";"13.54.166.67";"8883";2478;579516;"CON";"0.0.0.0";1529285352.362599;8;1447.922485;3.812114;0.969525;"";"";1120.761353;0.0;4.999966;"";"";"";"";1239;1239;497742;81774;1.710727;0.855022;0.855018;"";0;"Normal";"Normal"
1529284271.052703;"e d";"tcp";"192.168.100.150";"4433";"<?>";"192.168.100.3";"50032";148354;769977917;"CON";"0.0.0.0";1529285302.662803;10;1031.610107;4.295446;1.3706;"";"";373.703827;0.000156;4.999312;"";"";"";"";30186;118168;2152147;767825770;143.807236;29.260086;114.546181;"";1;"Theft";"Data_Exfiltration"
1529284261.804524;"e d";"tcp";"192.168.100.149";"4444";"<?>";"192.168.100.6";"49160";29924;819121948;"CON";"0.0.0.0";1529285354.986683;1;1093.182129;4.318206;1.311347;"";"";410.229553;0.051552;4.999969;"";"";"";"";13871;16053;998898;818123050;27.372383;12.68773;14.683738;"";1;"Theft";"Data_Exfiltration"
1529284261.808565;"e *";"tcp";"192.168.100.55";"8080";"<?>";"192.168.100.3";"80";72778;70927486;"CON";"0.0.0.0";1529285354.984934;3;1093.176392;4.839635;0.639072;"";"";464.60495;0.987489;4.999962;"";"";"";"";36389;36389;36601157;34326329;66.573883;33.286484;33.286484;"";0;"Normal";"Normal"
1529284491.814154;"e";"arp";"192.168.100.6";"";"who";"192.168.100.1";"";2;120;"CON";"0.0.0.0";1529284491.81422;11;6.6e-05;6.6e-05;0.0;"";"";6.6e-05;6.6e-05;6.6e-05;"";"";"";"";1;1;60;60;15151.514648;0.0;0.0;"";0;"Normal";"Normal"
1529284491.814277;"e";"udp";"192.168.100.6";"52670";"<->";"192.168.100.1";"53";2;225;"CON";"0.0.0.0";1529284491.814723;12;0.000446;0.000446;0.0;"";"";0.000446;0.000446;0.000446;"";"";"";"";1;1;85;140;2242.152588;0.0;0.0;"";0;"Normal";"Normal"
1529284587.39097;"e";"arp";"192.168.100.1";"";"who";"192.168.100.3";"";2;120;"CON";"0.0.0.0";1529284587.391022;12;5.2e-05;5.2e-05;0.0;"";"";5.2e-05;5.2e-05;5.2e-05;"";"";"";"";1;1;60;60;19230.769531;0.0;0.0;"";0;"Normal";"Normal"
1529284743.709712;"e";"udp";"192.168.100.4";"49844";"<->";"91.189.94.4";"123";2;180;"CON";"0.0.0.0";1529284743.998474;10;0.288762;0.288762;0.0;"";"";0.288762;0.288762;0.288762;"";"";"";"";1;1;90;90;3.463059;0.0;0.0;"";0;"Normal";"Normal"
1529284743.772309;"e";"udp";"192.168.100.150";"49421";"<->";"27.124.125.251";"123";2;180;"CON";"0.0.0.0";1529284743.821331;11;0.049022;0.049022;0.0;"";"";0.049022;0.049022;0.049022;"";"";"";"";1;1;90;90;20.399004;0.0;0.0;"";0;"Normal";"Normal"
1529284743.821101;"e";"arp";"192.168.100.1";"";"who";"192.168.100.150";"";2;120;"CON";"0.0.0.0";1529284743.821255;12;0.000154;0.000154;0.0;"";"";0.000154;0.000154;0.000154;"";"";"";"";1;1;60;60;6493.506836;0.0;0.0;"";0;"Normal";"Normal"
1529284743.998298;"e";"arp";"192.168.100.1";"";"who";"192.168.100.4";"";2;102;"CON";"0.0.0.0";1529284743.998322;13;2.4e-05;2.4e-05;0.0;"";"";2.4e-05;2.4e-05;2.4e-05;"";"";"";"";1;1;60;42;41666.664062;0.0;0.0;"";0;"Normal";"Normal"
1529284748.7504;"e";"arp";"192.168.100.4";"";"who";"192.168.100.1";"";2;102;"CON";"0.0.0.0";1529284748.750695;14;0.000295;0.000295;0.0;"";"";0.000295;0.000295;0.000295;"";"";"";"";1;1;42;60;3389.830566;0.0;0.0;"";0;"Normal";"Normal"
1529284748.849847;"e";"arp";"192.168.100.150";"";"who";"192.168.100.1";"";2;120;"CON";"0.0.0.0";1529284748.849959;15;0.000112;0.000112;0.0;"";"";0.000112;0.000112;0.000112;"";"";"";"";1;1;60;60;8928.571289;0.0;0.0;"";0;"Normal";"Normal"
1529284808.259172;"e";"udp";"192.168.100.5";"80";"<->";"192.168.100.46";"3456";15579;15156281;"CON";"0.0.0.0";1529284906.569608;4;98.310432;4.904157;0.391697;"";"";98.083145;3.196841;4.999384;"";"";"";"";7790;7789;7754473;7401808;158.457245;79.228622;79.218452;"";0;"Normal";"Normal"
1529285007.222497;"e";"arp";"192.168.100.3";"";"who";"192.168.100.150";"";12;720;"CON";"0.0.0.0";1529285307.671629;14;300.449127;0.000115;5.7e-05;"";"";0.00069;2.9e-05;0.000185;"";"";"";"";6;6;360;360;0.036612;0.016642;0.016642;"";1;"Theft";"Data_Exfiltration"
1529285007.412321;"e";"arp";"192.168.100.150";"";"who";"192.168.100.3";"";12;720;"CON";"0.0.0.0";1529285307.702385;15;300.29007;3.4e-05;2.5e-05;"";"";0.000204;3e-06;6.8e-05;"";"";"";"";6;6;360;360;0.036631;0.016651;0.016651;"";1;"Theft";"Data_Exfiltration"
